{
    "roc_auc": {
        "mean": 0.7780357142857143,
        "std": 0.0676134408305951
    },
    "pr_auc": {
        "mean": 0.8628631360557791,
        "std": 0.09010153825778516
    },
    "precision": {
        "mean": 0.8233082706766917,
        "std": 0.10970937597411608
    },
    "recall": {
        "mean": 0.8106884057971014,
        "std": 0.04882910134762156
    },
    "f1_score": {
        "mean": 0.8138072453861928,
        "std": 0.0700119414037492
    },
    "specificity": {
        "mean": 0.7095238095238093,
        "std": 0.1168366109179552
    }
}