{
    "roc_auc": {
        "mean": 0.7658910016998252,
        "std": 0.03171541984842393
    },
    "pr_auc": {
        "mean": 0.7696574457558519,
        "std": 0.051040364751868295
    },
    "precision": {
        "mean": 0.755440637793579,
        "std": 0.06423560149289827
    },
    "recall": {
        "mean": 0.6014005602240897,
        "std": 0.18365569235382018
    },
    "f1_score": {
        "mean": 0.6531746031746032,
        "std": 0.12533150800362652
    },
    "specificity": {
        "mean": 0.7959401709401709,
        "std": 0.09216562746234916
    }
}