{
    "roc_auc": {
        "mean": 0.781832298136646,
        "std": 0.05810372822744451
    },
    "pr_auc": {
        "mean": 0.8668960856706956,
        "std": 0.0733572398813233
    },
    "precision": {
        "mean": 0.7818059133848608,
        "std": 0.0701544697406524
    },
    "recall": {
        "mean": 0.7128623188405797,
        "std": 0.11076680138477826
    },
    "f1_score": {
        "mean": 0.7447882896158758,
        "std": 0.09296819362138885
    },
    "specificity": {
        "mean": 0.6285714285714286,
        "std": 0.06172133998483679
    }
}