{
  "summary": {
    "total_diseases": 5,
    "analysis_type": "高度な異常気象フラグと気象組み合わせ分析",
    "extreme_weather_flags": 16,
    "weather_combination_flags": 6
  },
  "key_findings": [
    "各疾患で異常気象フラグの発現率が異なる",
    "気象組み合わせ条件の影響は疾患特異的",
    "気象ストレスパターンは疾患によって大きく異なる",
    "複合的な気象条件が疾患発症に重要な影響を与える"
  ],
  "flag_occurrence": {
    "Tokyo_Total": {
      "is_tropical_night": 0.08057271195957327,
      "is_extremely_hot": 0.021617069062324537,
      "is_hot_day": 0.15524985962942167,
      "is_summer_day": 0.3573834924199888,
      "is_winter_day": 0.02442448062886019,
      "is_freezing_day": 0.0,
      "is_cold_wave": 0.24284110050533408,
      "is_strong_wind": 0.04042672655811342,
      "is_typhoon_condition": 0.01768669286917462,
      "is_rapid_pressure_change": 0.0592363840539023,
      "is_extreme_humidity_high": 0.08534531162268388,
      "is_extreme_humidity_low": 0.03228523301516002,
      "is_extremely_sunny": 0.051094890510948905,
      "is_extremely_cloudy": 0.0008422234699606962,
      "is_rapid_temp_change": 0.10499719258843346,
      "is_high_temp_volatility": 0.10275126333520494,
      "temp_humidity_stress": 0.05951712521055587,
      "temp_wind_stress": 0.03312745648512072,
      "pressure_wind_stress": 0.04912970241437395,
      "sunshine_temp_stress": 0.054183043234138126,
      "weather_stress": 0.09927007299270074,
      "seasonal_weather_impact": 0.0381807973048849
    },
    "VT_VF": {
      "is_tropical_night": 0.08057271195957327,
      "is_extremely_hot": 0.021617069062324537,
      "is_hot_day": 0.15524985962942167,
      "is_summer_day": 0.3573834924199888,
      "is_winter_day": 0.02442448062886019,
      "is_freezing_day": 0.0,
      "is_cold_wave": 0.24284110050533408,
      "is_strong_wind": 0.04042672655811342,
      "is_typhoon_condition": 0.014317798989331837,
      "is_rapid_pressure_change": 0.060078607523863,
      "is_extreme_humidity_high": 0.08534531162268388,
      "is_extreme_humidity_low": 0.03228523301516002,
      "is_extremely_sunny": 0.051094890510948905,
      "is_extremely_cloudy": 0.0008422234699606962,
      "is_rapid_temp_change": 0.10499719258843346,
      "is_high_temp_volatility": 0.10275126333520494,
      "temp_humidity_stress": 0.05951712521055587,
      "temp_wind_stress": 0.03312745648512072,
      "pressure_wind_stress": 0.04435710275126333,
      "sunshine_temp_stress": 0.054183043234138126,
      "weather_stress": 0.09943851768669289,
      "seasonal_weather_impact": 0.0381807973048849
    },
    "HF": {
      "is_tropical_night": 0.08057271195957327,
      "is_extremely_hot": 0.021617069062324537,
      "is_hot_day": 0.15524985962942167,
      "is_summer_day": 0.3573834924199888,
      "is_winter_day": 0.02442448062886019,
      "is_freezing_day": 0.0,
      "is_cold_wave": 0.24284110050533408,
      "is_strong_wind": 0.04042672655811342,
      "is_typhoon_condition": 0.014317798989331837,
      "is_rapid_pressure_change": 0.060078607523863,
      "is_extreme_humidity_high": 0.08534531162268388,
      "is_extreme_humidity_low": 0.03228523301516002,
      "is_extremely_sunny": 0.051094890510948905,
      "is_extremely_cloudy": 0.0008422234699606962,
      "is_rapid_temp_change": 0.10499719258843346,
      "is_high_temp_volatility": 0.10275126333520494,
      "temp_humidity_stress": 0.05951712521055587,
      "temp_wind_stress": 0.03312745648512072,
      "pressure_wind_stress": 0.04435710275126333,
      "sunshine_temp_stress": 0.054183043234138126,
      "weather_stress": 0.09943851768669289,
      "seasonal_weather_impact": 0.0381807973048849
    },
    "AMI": {
      "is_tropical_night": 0.08057271195957327,
      "is_extremely_hot": 0.021617069062324537,
      "is_hot_day": 0.15524985962942167,
      "is_summer_day": 0.3573834924199888,
      "is_winter_day": 0.02442448062886019,
      "is_freezing_day": 0.0,
      "is_cold_wave": 0.24284110050533408,
      "is_strong_wind": 0.04042672655811342,
      "is_typhoon_condition": 0.014317798989331837,
      "is_rapid_pressure_change": 0.060078607523863,
      "is_extreme_humidity_high": 0.08534531162268388,
      "is_extreme_humidity_low": 0.03228523301516002,
      "is_extremely_sunny": 0.051094890510948905,
      "is_extremely_cloudy": 0.0008422234699606962,
      "is_rapid_temp_change": 0.10499719258843346,
      "is_high_temp_volatility": 0.10275126333520494,
      "temp_humidity_stress": 0.05951712521055587,
      "temp_wind_stress": 0.03312745648512072,
      "pressure_wind_stress": 0.04435710275126333,
      "sunshine_temp_stress": 0.054183043234138126,
      "weather_stress": 0.09943851768669289,
      "seasonal_weather_impact": 0.0381807973048849
    },
    "PE": {
      "is_tropical_night": 0.08057271195957327,
      "is_extremely_hot": 0.021617069062324537,
      "is_hot_day": 0.15524985962942167,
      "is_summer_day": 0.3573834924199888,
      "is_winter_day": 0.02442448062886019,
      "is_freezing_day": 0.0,
      "is_cold_wave": 0.24284110050533408,
      "is_strong_wind": 0.04042672655811342,
      "is_typhoon_condition": 0.014317798989331837,
      "is_rapid_pressure_change": 0.060078607523863,
      "is_extreme_humidity_high": 0.08534531162268388,
      "is_extreme_humidity_low": 0.03228523301516002,
      "is_extremely_sunny": 0.051094890510948905,
      "is_extremely_cloudy": 0.0008422234699606962,
      "is_rapid_temp_change": 0.10499719258843346,
      "is_high_temp_volatility": 0.10275126333520494,
      "temp_humidity_stress": 0.05951712521055587,
      "temp_wind_stress": 0.03312745648512072,
      "pressure_wind_stress": 0.04435710275126333,
      "sunshine_temp_stress": 0.054183043234138126,
      "weather_stress": 0.09943851768669289,
      "seasonal_weather_impact": 0.0381807973048849
    }
  },
  "flag_correlations": {
    "Tokyo_Total": {
      "is_tropical_night": -0.03987903952568449,
      "is_extremely_hot": -0.008711054328480239,
      "is_hot_day": -0.010851999158813195,
      "is_summer_day": -0.031060752382413313,
      "is_winter_day": 0.05689688688977582,
      "is_freezing_day": NaN,
      "is_cold_wave": 0.011336222346783836,
      "is_strong_wind": -0.0366688649132519,
      "is_typhoon_condition": -0.017574762434889632,
      "is_rapid_pressure_change": 0.023289331593778117,
      "is_extreme_humidity_high": -0.019451394985955044,
      "is_extreme_humidity_low": -0.020426201022054228,
      "is_extremely_sunny": -0.017490602680758464,
      "is_extremely_cloudy": -0.019952860773067727,
      "is_rapid_temp_change": -0.0398123185058371,
      "is_high_temp_volatility": -0.045330005886067615,
      "temp_humidity_stress": 0.006568747194157122,
      "temp_wind_stress": 0.03024846858317741,
      "pressure_wind_stress": 0.0030579612546127173,
      "sunshine_temp_stress": -0.022570704849913588,
      "weather_stress": 0.0050839572431248155,
      "seasonal_weather_impact": 0.039238239613879775
    },
    "VT_VF": {
      "is_tropical_night": -0.007125686328710605,
      "is_extremely_hot": 0.015929704471716617,
      "is_hot_day": 0.02792804516461204,
      "is_summer_day": 0.021627258290755312,
      "is_winter_day": 0.0016402291141960866,
      "is_freezing_day": NaN,
      "is_cold_wave": 0.011930374393803797,
      "is_strong_wind": -0.014208503548156337,
      "is_typhoon_condition": -0.03924468481648626,
      "is_rapid_pressure_change": -0.02261328403170599,
      "is_extreme_humidity_high": 0.022134734537189407,
      "is_extreme_humidity_low": -0.05522189524915454,
      "is_extremely_sunny": 0.01453967931542909,
      "is_extremely_cloudy": -0.02574587420458066,
      "is_rapid_temp_change": -0.028731682384494073,
      "is_high_temp_volatility": -0.03668110128277318,
      "temp_humidity_stress": 0.030587814581520403,
      "temp_wind_stress": -0.02402237132261886,
      "pressure_wind_stress": -0.036137685670559784,
      "sunshine_temp_stress": 0.005809588608460869,
      "weather_stress": 0.004046782480360332,
      "seasonal_weather_impact": 0.04526195765831947
    },