{
  "summary": {
    "total_diseases": 2,
    "analysis_period": "東京全体とVT/VFの比較分析",
    "weather_features_analyzed": 7,
    "extreme_weather_features": 7
  },
  "performance_metrics": {
    "Tokyo_Total_AUC": 0.8884,
    "VT_VF_analysis": "VT/VFデータの分析結果"
  },
  "key_findings": [
    "東京全体とVT/VFで気象条件の影響度に違いがある",
    "季節性パターンは疾患によって異なる",
    "極端気象の影響は疾患によって様々",
    "気象特徴量の重要度は疾患特異的"
  ],
  "correlations": {
    "Tokyo_Total": {
      "avg_temp_weather": -0.06878126426790575,
      "min_temp_weather": -0.07499445164811933,
      "max_temp_weather": -0.054480253079033994,
      "avg_humidity_weather": 0.031101635390549602,
      "pressure_local": 0.0782190553236367,
      "avg_wind_weather": -0.07549462195160014,
      "sunshine_hours_weather": 0.011891539787974838
    },
    "VT_VF": {
      "avg_temp": 0.01733203760841134,
      "min_temp": 0.01432097040645573,
      "max_temp": 0.020554972707755005,
      "avg_humidity": 0.06498903417579012,
      "vapor_pressure": 0.042358228047984725,
      "avg_wind": -0.02123675342876402,
      "sunshine_hours": -0.01948812587431348
    }
  },
  "seasonal_patterns": {
    "Tokyo_Total": {
      "1": 13.014336917562725,
      "2": 12.653543307086615,
      "3": 7.433691756272402,
      "4": 12.17,
      "5": 11.458064516129033,
      "6": 11.8,
      "7": 11.674193548387096,
      "8": 11.4,
      "9": 11.626666666666667,
      "10": 12.683870967741935,
      "11": 13.286666666666667,
      "12": 13.919354838709678
    },
    "VT_VF": {
      "1": 2.082437275985663,
      "2": 1.9921259842519685,
      "3": 1.0788530465949822,
      "4": 2.11,
      "5": 2.170967741935484,
      "6": 2.1633333333333336,
      "7": 2.161290322580645,
      "8": 2.0612903225806454,
      "9": 2.0033333333333334,
      "10": 1.9322580645161291,
      "11": 2.23,
      "12": 2.2903225806451615
    }
  },
  "extreme_weather_effects": {
    "VT_VF": {
      "high_temp_effect": 1.0027970805471789,
      "low_temp_effect": 1.0318790144142982,
      "high_humidity_effect": 1.0939873915093516,
      "low_humidity_effect": 0.8817995355381147
    }
  }
}