{
  "summary": {
    "total_diseases": 5,
    "analysis_period": "全疾患（HF、AMI、PE、VT/VF、東京全体）の比較分析",
    "weather_features_analyzed": 7,
    "extreme_weather_features": 7
  },
  "performance_metrics": {
    "Tokyo_Total_AUC": 0.8884,
    "diseases_analyzed": [
      "HF",
      "AMI",
      "PE",
      "VT_VF",
      "Tokyo_Total"
    ]
  },
  "key_findings": [
    "各疾患で気象条件の影響度に違いがある",
    "季節性パターンは疾患によって異なる",
    "極端気象の影響は疾患によって様々",
    "気象特徴量の重要度は疾患特異的",
    "心不全、心筋梗塞、肺塞栓、心室頻拍/細動で異なる気象感受性"
  ],
  "correlations": {
    "Tokyo_Total": {
      "avg_temp_weather": -0.06878126426790575,
      "min_temp_weather": -0.07499445164811933,
      "max_temp_weather": -0.054480253079033994,
      "avg_humidity_weather": 0.031101635390549602,
      "pressure_local": 0.0782190553236367,
      "avg_wind_weather": -0.07549462195160014,
      "sunshine_hours_weather": 0.011891539787974838
    },
    "VT_VF": {
      "avg_temp": 0.01733203760841134,
      "min_temp": 0.01432097040645573,
      "max_temp": 0.020554972707755005,
      "avg_humidity": 0.06498903417579012,
      "vapor_pressure": 0.042358228047984725,
      "avg_wind": -0.02123675342876402,
      "sunshine_hours": -0.01948812587431348
    },
    "HF": {
      "avg_temp": -0.2975593661970403,
      "min_temp": -0.30182427228466074,
      "max_temp": -0.2771082479160979,
      "avg_humidity": -0.08367929874703488,
      "vapor_pressure": -0.24347737272595707,
      "avg_wind": -0.09750822487710102,
      "sunshine_hours": 0.014666653943916294
    },
    "AMI": {
      "avg_temp": -0.06878126426790575,
      "min_temp": -0.07499445164811933,
      "max_temp": -0.054480253079033994,
      "avg_humidity": 0.031101635390549602,
      "vapor_pressure": -0.03339271508175705,
      "avg_wind": -0.07549462195160014,
      "sunshine_hours": 0.011891539787974838
    },
    "PE": {
      "avg_temp": -0.05426035223368354,
      "min_temp": -0.05561820130451413,
      "max_temp": -0.04589551318492781,
      "avg_humidity": 0.05357742002670216,
      "vapor_pressure": -0.016754447323049697,
      "avg_wind": -0.061495841508020066,
      "sunshine_hours": -0.020239253468069495
    }
  },
  "seasonal_patterns": {
    "Tokyo_Total": {
      "1": 13.014336917562725,
      "2": 12.653543307086615,
      "3": 7.433691756272402,
      "4": 12.17,
      "5": 11.458064516129033,
      "6": 11.8,
      "7": 11.674193548387096,
      "8": 11.4,
      "9": 11.626666666666667,
      "10": 12.683870967741935,
      "11": 13.286666666666667,
      "12": 13.919354838709678
    },
    "VT_VF": {
      "1": 2.082437275985663,
      "2": 1.9921259842519685,
      "3": 1.0788530465949822,
      "4": 2.11,
      "5": 2.170967741935484,
      "6": 2.1633333333333336,
      "7": 2.161290322580645,
      "8": 2.0612903225806454,
      "9": 2.0033333333333334,
      "10": 1.9322580645161291,
      "11": 2.23,
      "12": 2.2903225806451615
    },
    "HF": {
      "1": 47.50179211469534,
      "2": 38.188976377952756,
      "3": 18.462365591397848,
      "4": 37.08,
      "5": 33.119354838709675,
      "6": 30.493333333333332,
      "7": 29.13225806451613,
      "8": 28.574193548387097,
      "9": 27.966666666666665,
      "10": 32.7,
      "11": 38.47,
      "12": 43.39354838709677
    },
    "AMI": {
      "1": 13.014336917562725,
      "2": 12.653543307086615,
      "3": 7.433691756272402,
      "4": 12.17,
      "5": 11.458064516129033,
      "6": 11.8,
      "7": 11.674193548387096,
      "8": 11.4,
      "9": 11.626666666666667,
      "10": 12.683870967741935,
      "11": 13.286666666666667,
      "12": 13.919354838709678
    },
    "PE": {
      "1": 2.4910394265232974,
      "2": 2.326771653543307,
      "3": 1.3655913978494623,
      "4": 2.1266666666666665,
      "5": 1.9580645161290322,
      "6": 2.0433333333333334,
      "7": 2.1193548387096772,
      "8": 2.161290322580645,
      "9": 2.236666666666667,
      "10": 2.3838709677419354,
      "11": 2.54,
      "12": 2.6258064516129034
    }
  },
  "extreme_weather_effects": {
    "VT_VF": {
      "high_temp_effect": 1.0027970805471789,
      "low_temp_effect": 1.0318790144142982,
      "high_humidity_effect": 1.0939873915093516,
      "low_humidity_effect": 0.8817995355381147
    },
    "HF": {
      "high_temp_effect": 0.8365633554787781,
      "low_temp_effect": 1.290414121651927,
      "high_humidity_effect": 1.0011012452379477,
      "low_humidity_effect": 1.0366253006905286
    },
    "AMI": {
      "high_temp_effect": 0.9565640294043894,
      "low_temp_effect": 1.0710608287302992,
      "high_humidity_effect": 1.020706968538275,
      "low_humidity_effect": 0.9476864289575931
    },
    "PE": {
      "high_temp_effect": 0.959956638004905,
      "low_temp_effect": 1.1513750308628528,
      "high_humidity_effect": 1.1647049884049856,
      "low_humidity_effect": 0.9686568989646906
    }
  }
}