{
    "roc_auc": {
        "mean": 0.7703284732696497,
        "std": 0.02492384114494877
    },
    "pr_auc": {
        "mean": 0.7511644640877,
        "std": 0.061732524395833405
    },
    "precision": {
        "mean": 0.7666666666666666,
        "std": 0.060454355585636416
    },
    "recall": {
        "mean": 0.6050420168067226,
        "std": 0.29646919084765033
    },
    "f1_score": {
        "mean": 0.624906861748967,
        "std": 0.15962355509851142
    },
    "specificity": {
        "mean": 0.7723290598290599,
        "std": 0.17306116051468892
    }
}